TAXON CONCEPT ID,SCIENTIFIC NAME,count,map_index,sort v2023
avibase-1FE65763,Cairina moschata,1,0,424
avibase-19F22D00,Melopsittacus undulatus,2,0,12317
avibase-215FEA89,Tachybaptus ruficollis,1097,2,1804
avibase-71682A47,Tachybaptus ruficollis,142,2,1805
avibase-32DCEC14,Podiceps nigricollis,7,3,1852
avibase-710BB4E6,Calonectris diomedea,28,5,7034
avibase-CA4D268D,Calonectris diomedea,33,5,7035
avibase-FF3D837A,Calonectris diomedea,190,5,7033
avibase-D6AB20A5,Calonectris edwardsii,110,5,7036
avibase-8B879DFA,Ardenna gravis,52,6,7040
avibase-1725B07D,Ardenna grisea,352,7,7046
avibase-5AEDC002,Puffinus puffinus,121,8,7053
avibase-42F573C7,Puffinus mauretanicus,2,8,7057
avibase-5F555FDD,Puffinus baroli,2,9,7077
avibase-C817F455,Puffinus boydi,20,9,7078
avibase-058773E4,Bulweria bulwerii,23,10,7013
avibase-1BA2774D,Oceanites oceanicus,2,11,6854
avibase-D295D249,Oceanites oceanicus,56,11,6853
avibase-E9DF118E,Pelagodroma marina,5,12,6864
avibase-E1638A37,Hydrobates pelagicus,116,13,6885
avibase-D3FAE385,Hydrobates castro,4,14,6903
avibase-C5FB15C6,Hydrobates leucorhous,11,15,6892
avibase-7EE005BD,Phaethon aethereus,117,16,6756
avibase-8BAFB01E,Pelecanus onocrotalus,3405,17,7297
avibase-8D24E93C,Pelecanus rufescens,5627,18,7299
avibase-534FB490,Morus bassanus,663,19,7165
avibase-5EC21767,Sula leucogaster,105,20,7172
avibase-ADD598F2,Sula leucogaster,4,20,7174
avibase-3DF5C587,Phalacrocorax carbo,2293,21,7224
avibase-B38FDD3E,Phalacrocorax carbo,2974,21,7232
avibase-B57FBCFE,Phalacrocorax carbo,2,21,7225
avibase-E255DCE1,Microcarbo africanus,8120,22,7209
avibase-5C7936A7,Anhinga rufa,4084,23,7198
avibase-8AA3B42E,Fregata magnificens,2,24,7147
avibase-0F42F11A,Botaurus stellaris,1,25,7331
avibase-7AAD57AC,Ixobrychus minutus,274,26,7355
avibase-86E6EEB4,Ixobrychus minutus,8,26,7356
avibase-E593807A,Ixobrychus minutus,34,26,7357
avibase-87EEBD3E,Ixobrychus sturmii,130,27,7354
avibase-F3DE951B,Tigriornis leucolopha,110,28,7311
avibase-67930127,Nycticorax nycticorax,657,29,7374
avibase-6BB94D7E,Nycticorax nycticorax,2162,29,7373
avibase-3C12AA44,Calherodius leuconotus,558,30,7435
avibase-CE73EBD7,Ardeola ralloides,6182,31,7479
avibase-AB1CB216,Bubulcus ibis,10686,32,7487
avibase-36DF115B,Butorides striata,3225,33,7439
avibase-7085B8A0,Butorides striata,447,33,7442
avibase-74853F89,Egretta ardesiaca,2552,34,7411
avibase-49D9148A,Ardea alba,5876,35,7491
avibase-B95C3DE9,Ardea alba,2193,35,7493
avibase-FDCCFEC1,Ardea alba,3,35,7492
avibase-C3ABF863,Ardea brachyrhyncha,2911,36,7496
avibase-4713982B,Egretta garzetta,2013,37,7422
avibase-F2858F9F,Egretta garzetta,3654,37,7421
avibase-70F43997,Egretta gularis,2117,38,7427
avibase-DF32B1F9,Egretta gularis,6106,38,7426
avibase-0DB2F2AE,Ardea cinerea,1876,39,7508
avibase-6429024D,Ardea cinerea,6884,39,7507
avibase-87DFB57F,Ardea cinerea,28,39,7512
avibase-25A648FE,Ardea melanocephala,3596,40,7540
avibase-C7888A15,Ardea goliath,958,41,7541
avibase-3395DCF1,Ardea purpurea,2395,42,7527
avibase-8D6CB009,Ardea purpurea,694,42,7529
avibase-FC10F6ED,Scopus umbretta,5344,43,7307
avibase-28825494,Ciconia ciconia,232,44,7123
avibase-E2817DAE,Ciconia nigra,785,45,7115
avibase-26CD0319,Ciconia abdimii,3,46,7116
avibase-5157C558,Ciconia microscelis,864,47,7117
avibase-3D155653,Ephippiorhynchus senegalensis,72,48,7132
avibase-0F14ECE4,Anastomus lamelligerus,1,49,7112
avibase-03C0F97C,Leptoptilos crumenifer,604,50,7135
avibase-4F92C892,Mycteria ibis,1862,51,7140
avibase-550DE745,Threskiornis aethiopicus,2440,52,7575
avibase-CAFBA217,Bostrychia hagedash,1408,54,7599
avibase-D4540F88,Plegadis falcinellus,789,55,7551
avibase-F86BB1D3,Platalea alba,1666,56,7610
avibase-A0A584C1,Platalea leucorodia,1807,57,7605
avibase-0F9B5174,Phoenicopterus roseus,1081,58,1789
avibase-B06A9079,Phoeniconaias minor,454,59,1792
avibase-9A60617E,Dendrocygna bicolor,570,60,238
avibase-A534AFEA,Dendrocygna viduata,4315,61,231
avibase-DA2F24E3,Alopochen aegyptiaca,490,62,397
avibase-5EAB32D3,Tadorna tadorna,11,63,405
avibase-49A14FC7,Plectropterus gambensis,363,64,409
avibase-EB01B24C,Plectropterus gambensis,1393,64,408
avibase-3948131B,Sarkidiornis melanotos,594,65,377
avibase-EC7C1618,Nettapus auritus,475,66,431
avibase-15EE0D36,Mareca penelope,14,67,485
avibase-C235A4D7,Mareca strepera,10,68,478
avibase-115F04DD,Anas crecca,53,69,575
avibase-BC6C3CCE,Anas crecca,28,69,574
avibase-85625D75,Anas platyrhynchos,1,70,515
avibase-56CCA717,Anas acuta,329,71,558
avibase-F577BA0F,Spatula querquedula,658,72,454
avibase-ED4CE8E7,Spatula clypeata,776,73,474
avibase-6362936E,Marmaronetta angustirostris,45,74,618
avibase-90E2543E,Spatula discors,5,76,460
avibase-A96692E0,Aythya ferina,7,77,631
avibase-7CF91527,Aythya nyroca,8,78,638
avibase-67CEA1C1,Aythya fuligula,3,79,648
avibase-672EA454,Torgos tracheliotos,403,81,7739
avibase-93D7EC56,Trigonoceps occipitalis,94,82,7737
avibase-5D1987CE,Gyps fulvus,594,83,7753
avibase-76B512B1,Gyps rueppelli,1045,84,7748
avibase-0419DDC2,Gyps africanus,1956,85,7744
avibase-6D3480A6,Neophron percnopterus,14,86,7671
avibase-131038AD,Necrosyrtes monachus,11113,87,7743
avibase-14885C18,Gypohierax angolensis,3592,88,7666
avibase-22647E26,Circus macrourus,141,89,7952
avibase-63B6412E,Circus pygargus,1125,90,7955
avibase-E2A19474,Circus aeruginosus,3511,91,7933
avibase-C505EA72,Polyboroides typus,4489,92,7662
avibase-6CBD8724,Terathopius ecaudatus,1012,93,7796
avibase-8372FFBA,Circaetus gallicus,855,94,7797
avibase-F4E78AFA,Circaetus beaudouini,955,95,7800
avibase-6904D83F,Circaetus cinereus,1400,96,7802
avibase-4327F813,Circaetus cinerascens,694,97,7804
avibase-819AB823,Accipiter melanoleucus,1,98,8136
avibase-35A1472C,Accipiter tachiro,186,99,7974
avibase-72E67CB3,Accipiter tachiro,27,99,7975
avibase-1A0ECB6E,Accipiter badius,3703,100,7987
avibase-277B3BB4,Accipiter badius,497,100,7988
avibase-AFD19C47,Accipiter erythropus,5,102,8062
avibase-BAE91683,Accipiter ovampensis,11,103,8097
avibase-D2AFD39B,Melierax metabates,2562,104,7900
avibase-922DE9C1,Micronisus gabar,824,105,7910
avibase-3EEB66ED,Kaupifalco monogrammicus,2404,106,7893
avibase-45A1D850,Butastur rufipennis,1661,107,7929
avibase-CC65921F,Buteo rufinus,1,108,8364
avibase-A16C3B99,Buteo auguralis,44,109,8372
avibase-3C0C325D,Buteo buteo,2,110,8341
avibase-14B9664A,Lophaetus occipitalis,927,111,7849
avibase-1E3B3515,Stephanoaetus coronatus,3,112,7813
avibase-FDA2E4A3,Polemaetus bellicosus,319,113,7836
avibase-9A418C45,Aquila spilogaster,818,114,7890
avibase-4B8CC285,Hieraaetus pennatus,387,115,7860
avibase-F6D547B2,Aquila rapax,610,116,7864
avibase-535F3C99,Hieraaetus wahlbergi,1363,117,7859
avibase-A19B0CF4,Icthyophaga vocifer,2833,118,8194
avibase-06D9A2C8,Milvus migrans,6751,119,8165
avibase-C1C255AA,Milvus migrans,912,119,8166
avibase-EE9C6A5E,Milvus migrans,8174,119,8173
avibase-ED5A7E8F,Pernis apivorus,12,120,7683
avibase-37863AE7,Elanus caeruleus,315,122,7651
avibase-97C47F3E,Elanus caeruleus,1331,122,7650
avibase-22832FF4,Chelictinia riocourii,410,123,7661
avibase-1327AC55,Pandion haliaetus,4483,125,7640
avibase-F78E8D2B,Pandion haliaetus,1,125,7642
avibase-FE572264,Pandion haliaetus,2123,125,7641
avibase-3D3808E3,Falco biarmicus,1520,126,11862
avibase-0B27798B,Falco peregrinus,6,128,11877
avibase-2723EFFC,Falco peregrinus,1,128,11890
avibase-47E58408,Falco peregrinus,261,128,11875
avibase-A113792C,Falco peregrinus,68,128,11887
avibase-E9566F8E,Falco peregrinus,306,128,11882
avibase-F56A73BF,Falco cuvierii,267,129,11840
avibase-E91E287A,Falco subbuteo,19,130,11836
avibase-529E7777,Falco chicquera,330,132,11817
avibase-6A64EFCB,Falco chicquera,1433,132,11815
avibase-3F2BA4F7,Falco ardosiaceus,3010,133,11812
avibase-997A9437,Falco vespertinus,28,134,11820
avibase-BECA271F,Falco naumanni,567,135,11756
avibase-2BD7F8B5,Falco tinnunculus,4,136,11771
avibase-2DAB45B8,Falco tinnunculus,1118,136,11757
avibase-A76838A0,Falco tinnunculus,287,136,11758
avibase-D2CAA18B,Falco alopex,73,137,11811
avibase-0EA1D390,Campocolinus albogularis,25,139,1608
avibase-30DF984A,Campocolinus albogularis,5,139,1609
avibase-D8267ADE,Pternistis bicalcaratus,5217,140,1759
avibase-CA53B18D,Pternistis ahantensis,236,141,1752
avibase-CAFE345D,Coturnix coturnix,138,142,1677
avibase-57B05159,Ptilopachus petrosus,1311,144,958
avibase-A5D4FA72,Ptilopachus petrosus,143,144,959
avibase-1044B438,Numida meleagris,891,145,930
avibase-5A97ECAD,Numida meleagris,95,145,932
avibase-09A0F2EB,Crex egregia,6,146,5297
avibase-9106EBE6,Zapornia parva,15,147,5561
avibase-34D5B04D,Zapornia pusilla,17,148,5562
avibase-72368F24,Zapornia pusilla,7,148,5563
avibase-460708F9,Porzana porzana,8,149,5429
avibase-148F0B01,Zapornia flavirostra,2911,150,5560
avibase-6390FBB7,Sarothrura pulchra,16,151,5191
avibase-6EF64F69,Sarothrura pulchra,117,151,5190
avibase-A927C1AE,Paragallinula angulata,42,152,5432
avibase-8F82FF8C,Gallinula chloropus,1475,153,5436
avibase-865C039E,Porphyrio madagascariensis,1474,154,5496
avibase-53288666,Porphyrio alleni,330,155,5488
avibase-B682B2A9,Fulica atra,47,156,5461
avibase-46DECAEE,Podica senegalensis,652,157,5634
avibase-31413BFF,Balearica pavonina,962,158,5664
avibase-6A394479,Ardeotis arabs,125,159,2912
avibase-4FDBC0CB,Neotis denhami,7,160,2927
avibase-5949BDDD,Neotis denhami,2,160,2928
avibase-8F3D1E6F,Lophotis savilei,503,161,2949
avibase-0669BFE7,Eupodotis senegalensis,6,162,2934
avibase-3B287014,Eupodotis senegalensis,55,162,2933
avibase-562F4456,Lissotis melanogaster,107,163,2957
avibase-D16D486D,Actophilornis africanus,4249,164,5972
avibase-C7DB323E,Burhinus oedicnemus,92,165,5722
avibase-85DF723B,Burhinus senegalensis,7230,166,5729
avibase-862F6F04,Burhinus capensis,393,167,5713
avibase-CFA73CC2,Haematopus ostralegus,60,169,5758
avibase-ED663165,Haematopus ostralegus,860,169,5757
avibase-F5E92B22,Vanellus spinosus,11763,172,5828
avibase-D531B5D3,Vanellus tectus,2810,173,5831
avibase-C4EC6263,Vanellus albiceps,339,175,5834
avibase-074251A3,Vanellus senegallus,4404,177,5843
avibase-25A20BA6,Pluvialis apricaria,3,178,5783
avibase-2143A852,Pluvialis dominica,27,179,5786
avibase-27903EF7,Pluvialis squatarola,2550,180,5782
avibase-EDA37B7C,Charadrius hiaticula,3772,181,5802
avibase-35EC3BBF,Charadrius dubius,925,182,5815
avibase-41141E35,Charadrius dubius,55,182,5816
avibase-0F0DCC2F,Anarhynchus pecuarius,1004,183,5904
avibase-4EBB9A28,Charadrius forbesi,3,184,5811
avibase-AA4385A2,Anarhynchus alexandrinus,555,185,5920
avibase-F3AB8E78,Anarhynchus alexandrinus,41,185,5921
avibase-214B3533,Anarhynchus marginatus,374,186,5914
avibase-76E322E3,Numenius phaeopus,1365,188,5981
avibase-F9305BAA,Numenius phaeopus,4167,188,5978
avibase-3BB5CBA6,Numenius arquata,797,189,5993
avibase-454B5CD5,Limosa limosa,1396,190,6009
avibase-840E4B9F,Limosa limosa,28,190,6011
avibase-9A684C99,Limosa lapponica,1285,191,6000
avibase-E0093565,Limosa lapponica,95,191,6001
avibase-18B415D2,Tringa nebularia,5864,192,6116
avibase-15CF9352,Tringa stagnatilis,1224,193,6100
avibase-8E67DC5F,Tringa glareola,3174,194,6101
avibase-2C7A2673,Tringa flavipes,15,195,6109
avibase-A7B17EFC,Tringa ochropus,2446,196,6093
avibase-6D5992EE,Xenus cinereus,6,197,6089
avibase-8548B07E,Actitis hypoleucos,6912,198,6090
avibase-D6BFC73A,Tringa totanus,3352,199,6102
avibase-0895DD84,Tringa erythropus,415,200,6114
avibase-DC3050A9,Arenaria interpres,1698,201,6125
avibase-BCCD5840,Gallinago media,4,202,6055
avibase-9151E0BA,Gallinago gallinago,783,203,6064
avibase-1A15F0C6,Lymnocryptes minimus,31,204,6030
avibase-B5CE8FAD,Calidris canutus,162,206,6130
avibase-15369E8E,Calidris alpina,905,207,6156
avibase-E952EA52,Calidris alpina,3,207,6161
avibase-143A681C,Calidris ferruginea,1120,208,6146
avibase-1F1AD154,Calidris bairdii,2,209,6180
avibase-9936FF4A,Calidris minuta,1943,210,6181
avibase-5ACF7FB3,Calidris temminckii,55,211,6148
avibase-06B9BD24,Calidris alba,1392,212,6153
avibase-3A3C62BC,Calidris subruficollis,16,213,6152
avibase-2DABF98F,Calidris pugnax,1845,214,6141
avibase-18A19380,Phalaropus fulicarius,90,215,6085
avibase-E6F3BA54,Phalaropus lobatus,6,216,6086
avibase-3CAEB7CE,Himantopus himantopus,4966,217,5734
avibase-C73ED2F5,Recurvirostra avosetta,916,218,5748
avibase-7516E687,Rostratula benghalensis,998,219,5947
avibase-1B28A4B6,Pluvianus aegyptius,1007,220,5732
avibase-DE0A72A7,Cursorius cursor,69,221,6286
avibase-7A841F83,Cursorius temminckii,570,222,6294
avibase-F5145338,Rhinoptilus chalcopterus,113,223,6269
avibase-D56ABB4E,Glareola pratincola,832,224,6308
avibase-BB041C6E,Stercorarius skua,15,225,6326
avibase-7CB8F5B7,Stercorarius pomarinus,730,226,6323
avibase-39086887,Stercorarius parasiticus,727,227,6321
avibase-1D446440,Stercorarius longicaudus,166,228,6318
avibase-F7B9355E,Ichthyaetus audouinii,822,229,6458
avibase-57C93A74,Leucophaeus pipixcan,22,231,6452
avibase-052BFA8A,Ichthyaetus melanocephalus,126,232,6459
avibase-FB02DD96,Chroicocephalus ridibundus,1412,234,6434
avibase-27CE7132,Chroicocephalus genei,2833,235,6421
avibase-F89FD6E3,Hydrocoloeus minutus,11,236,6407
avibase-6CDC3C9C,Leucophaeus atricilla,14,237,6448
avibase-6EB497FA,Chroicocephalus cirrocephalus,5544,238,6440
avibase-86182656,Xema sabini,196,239,6415
avibase-2AB668E3,Larus michahellis,2,240,6508
avibase-E074D706,Larus michahellis,149,240,6507
avibase-0CFFDCF7,Larus fuscus,32,241,6528
avibase-2D52E3A5,Larus fuscus,2842,241,6526
avibase-42720061,Larus fuscus,5,241,6527
avibase-DC679FC7,Larus fuscus,171,241,6529
avibase-6062B689,Larus dominicanus,67,242,6494
avibase-E6536E4E,Larus dominicanus,393,242,6490
avibase-907B1140,Rynchops flavirostris,9,243,6565
avibase-87168739,Gelochelidon nilotica,3795,246,6649
avibase-BC06BC0D,Hydroprogne caspia,5989,247,6657
avibase-CF8461BF,Thalasseus albididorsalis,3227,248,6724
avibase-04B49AE7,Thalasseus sandvicensis,1693,249,6714
avibase-F7504353,Thalasseus sandvicensis,2150,249,6713
avibase-D01CDECD,Thalasseus bengalensis,1194,250,6720
avibase-74236837,Sterna dougallii,153,251,6699
avibase-4D2FF6F1,Sterna hirundo,1315,252,6686
avibase-F0DF132B,Sterna hirundo,18,252,6687
avibase-BDC5CF80,Sterna paradisaea,237,253,6672
avibase-E6518B9D,Onychoprion anaethetus,35,254,6615
avibase-3E7F825D,Onychoprion fuscatus,2,255,6607
avibase-7AB4E42B,Chlidonias hybrida,781,256,6659
avibase-17310BF0,Sternula albifrons,1219,257,6622
avibase-115AF02D,Chlidonias niger,817,258,6664
avibase-E3F37B3A,Chlidonias niger,376,258,6665
avibase-43CAAEE3,Chlidonias leucopterus,433,259,6667
avibase-6EC9AAA4,Pterocles exustus,181,260,2868
avibase-F5DE9155,Pterocles exustus,365,260,2867
avibase-461482EA,Pterocles quadricinctus,911,262,2904
avibase-0DA8BB90,Turnix sylvaticus,113,263,6240
avibase-B605A049,Ortyxelos meiffrenii,133,264,6265
avibase-533DD36C,Columba livia,2587,265,1889
avibase-BBA263C2,Columba livia,438,265,1874
avibase-E8574CAB,Columba livia,2,265,1875
avibase-A6EA9F02,Columba guinea,10347,266,1897
avibase-5788552B,Streptopelia turtur,578,267,2035
avibase-9888B3AE,Streptopelia semitorquata,7428,268,2070
avibase-70BD722B,Streptopelia decipiens,8097,269,2063
avibase-DDEF7228,Streptopelia vinacea,9171,270,2078
avibase-0C1EFC9B,Streptopelia decaocto,11,271,2051
avibase-273A4A2F,Streptopelia roseogrisea,771,271,2056
avibase-B2D6AB06,Spilopelia senegalensis,15309,272,2091
avibase-DDC2CC92,Oena capensis,6674,273,2178
avibase-23D5FC36,Turtur afer,2087,275,2172
avibase-72B71F11,Turtur abyssinicus,6074,276,2171
avibase-00146574,Treron calvus,925,277,2553
avibase-5B603707,Treron calvus,85,277,2554
avibase-46C90944,Treron waalia,1622,278,2539
avibase-0EB10DB3,Poicephalus fuscicollis,233,279,12522
avibase-57C14523,Poicephalus fuscicollis,46,279,12523
avibase-D7F9C6B5,Poicephalus senegalus,7028,280,12546
avibase-6B1CFC3C,Psittacula krameri,7089,281,12111
avibase-0B36500B,Tauraco persa,889,282,2969
avibase-C1A52E70,Tauraco persa,84,282,2970
avibase-3893974C,Musophaga violacea,2286,283,3008
avibase-3C3092F9,Crinifer piscator,9730,284,3019
avibase-3D67C56A,Clamator glandarius,163,285,3197
avibase-BF0A0954,Clamator jacobinus,32,286,3199
avibase-3C8C3A31,Clamator levaillantii,771,287,3198
avibase-26A34DA5,Cuculus solitarius,25,288,3410
avibase-66931B3F,Cuculus gularis,160,290,3417
avibase-B3D2C3C5,Cuculus canorus,3,290,3421
avibase-1FACD210,Chrysococcyx klaas,850,291,3292
avibase-0482FA7E,Chrysococcyx caprius,618,292,3291
avibase-1B309CB5,Chrysococcyx cupreus,6,293,3295
avibase-E0D521B7,Ceuthmochares aereus,110,294,3157
avibase-DB09507D,Centropus grillii,94,295,3129
avibase-A0CB9C06,Centropus leucogaster,9,296,3094
avibase-4A83155B,Centropus senegalensis,8613,297,3098
avibase-9291885C,Tyto alba,350,298,8424
avibase-FEE35F4C,Tyto alba,702,298,8416
avibase-2C7AA154,Otus scops,7,299,8546
avibase-F0AA4FE4,Otus senegalensis,477,299,8557
avibase-7C2B3DB6,Otus senegalensis,136,299,8558
avibase-E561A180,Ptilopsis leucotis,815,300,8685
avibase-0018A99B,Bubo cinerascens,533,302,8724
avibase-EBD3129B,Ketupa lactea,816,303,8759
avibase-034B2A6A,Scotopelia peli,81,304,8789
avibase-70CB00EC,Glaucidium perlatum,1906,305,8800
avibase-2E6575A8,Strix woodfordii,231,306,9038
avibase-8F123A11,Asio flammeus,72,307,9068
avibase-83E21A84,Asio capensis,5,308,9082
avibase-6CC3D04B,Caprimulgus ruficollis,2,309,3644
avibase-80D4B0FE,Caprimulgus europaeus,5,310,3655
avibase-2F7F0244,Caprimulgus aegyptius,19,311,3667
avibase-589694DD,Caprimulgus eximius,175,312,3677
avibase-7C3959D6,Caprimulgus inornatus,6,315,3720
avibase-A20EA34D,Caprimulgus climacurus,1549,316,3749
avibase-D36F4D98,Caprimulgus longipennis,372,317,3643
avibase-FA1CAD29,Tachymarptis melba,26,319,4053
avibase-332BC664,Apus pallidus,447,320,4078
avibase-4E6EF3F9,Apus apus,557,321,4070
avibase-FA9F6019,Apus caffer,4,322,4129
avibase-6B552CE9,Apus affinis,809,323,4113
avibase-D209A90C,Apus affinis,3857,323,4112
avibase-DA106373,Cypsiurus parvus,8188,324,4154
avibase-8ACC245F,Telacanthura ussheri,1691,325,3846
avibase-E45D9EB2,Urocolius macrourus,2301,326,9220
avibase-F51C1C4A,Megaceryle maxima,2249,327,10009
avibase-8205077F,Ceryle rudis,9155,328,10023
avibase-A376DE65,Alcedo quadribrachys,61,329,9643
avibase-12EA0D5A,Corythornis cristatus,674,330,9715
avibase-7149F93D,Corythornis cristatus,2769,330,9714
avibase-C0998BB9,Ispidina picta,1172,331,9731
avibase-47E71671,Halcyon senegalensis,1533,332,9810
avibase-0D8BDD35,Halcyon malimbica,2922,333,9817
avibase-AB51824B,Halcyon chelicuti,1549,334,9827
avibase-178B6892,Halcyon leucocephala,1348,335,9802
avibase-66AA3934,Merops apiaster,1159,336,10106
avibase-6EE45113,Merops persicus,3731,337,10097
avibase-0AAA530E,Merops viridissimus,1362,338,10080
avibase-2125426A,Merops nubicus,528,339,10112
avibase-03C4A0C9,Merops albicollis,1018,340,10079
avibase-C0A68CA0,Merops pusillus,6220,341,10060
avibase-E6DC5DA1,Merops bulocki,1980,342,10054
avibase-910E6D86,Merops hirundineus,1678,343,10072
avibase-7451A628,Coracias garrulus,6,344,10116
avibase-E7C7EE3A,Coracias abyssinicus,8263,345,10119
avibase-2624054E,Coracias naevius,2012,346,10124
avibase-306C892E,Coracias cyanogaster,3212,347,10135
avibase-4F01F416,Eurystomus glaucurus,3368,348,10137
avibase-579DF94A,Eurystomus glaucurus,362,348,10138
avibase-66F40AD0,Upupa epops,421,349,9400
avibase-F4D0DB8E,Upupa epops,334,349,9395
avibase-FA2F9125,Upupa epops,1556,349,9394
avibase-28CACA8F,Phoeniculus purpureus,4735,350,9407
avibase-9C69D0FD,Rhinopomastus aterrimus,911,351,9431
avibase-0CCD664D,Lophoceros nasutus,7878,352,9454
avibase-1ADEF52B,Tockus kempi,11435,353,9472
avibase-89218876,Lophoceros semifasciatus,1470,354,9450
avibase-CBC236C2,Ceratogymna elata,4,355,9484
avibase-2AAFDD00,Bycanistes fistulator,23,356,9494
avibase-EB23C9C9,Bycanistes fistulator,4,356,9495
avibase-948ED65C,Bucorvus abyssinicus,670,357,9444
avibase-B3031527,Pogonornis dubius,3066,358,10466
avibase-7DE8EBBA,Lybius vieilloti,2568,359,10436
avibase-2F467821,Pogoniulus chrysoconus,3467,361,10399
avibase-7749C92B,Pogoniulus bilineatus,200,362,10386
avibase-9EA74ADA,Pogoniulus bilineatus,39,362,10387
avibase-499B3C64,Indicator maculatus,307,364,10772
avibase-862749B0,Indicator indicator,1401,365,10780
avibase-50F3668C,Indicator minor,239,366,10761
avibase-E9ED7248,Indicator minor,506,366,10765
avibase-B2E6AB9F,Jynx torquilla,199,368,10785
avibase-390F1E35,Campethera punctuligera,1667,369,11491
avibase-CD2F7C98,Campethera abingoni,152,370,11499
avibase-F4F14B78,Campethera abingoni,10,370,11500
avibase-AE1533FC,Campethera maculosa,5,371,11482
avibase-02E56D98,Pardipicus nivosus,329,372,11472
avibase-0A241B83,Dendropicos fuscescens,562,373,11067
avibase-C6F9E5EE,Dendropicos elachus,217,374,11065
avibase-9FF4EDB5,Dendropicos obsoletus,339,375,11078
avibase-AF725C3D,Dendropicos goertae,747,376,11085
avibase-E5DF48FC,Dendropicos goertae,3634,376,11083
avibase-5BFC242D,Mirafra javanica,142,377,22144
avibase-6B089785,Mirafra javanica,189,377,22145
avibase-CC69CAE1,Mirafra javanica,5,377,22150
avibase-C49FA9A8,Mirafra rufocinnamomea,10,379,22122
avibase-148AA192,Pinarocorys erythropygia,2,380,21976
avibase-4091A51E,Calandrella brachydactyla,112,382,22249
avibase-8C357822,Eremopterix nigriceps,409,383,22018
avibase-9164F314,Eremopterix leucotis,1770,384,22012
avibase-21ADC3ED,Galerida cristata,3719,385,22382
avibase-FC79EB47,Galerida cristata,163,385,22383
avibase-0E6D5DBE,Galerida modesta,104,386,22360
avibase-94A1C447,Riparia riparia,2364,387,23636
avibase-D2854489,Riparia paludicola,3,388,23622
avibase-58C502EA,Hirundo rustica,1611,390,23772
avibase-F93910B4,Hirundo rustica,609,390,23773
avibase-F401ECCF,Hirundo lucida,4598,390,23783
avibase-B79D6B3D,Hirundo smithii,2457,391,23793
avibase-29D93FC2,Hirundo leucosoma,706,393,23767
avibase-958F4A5E,Cecropis semirufa,254,394,23841
avibase-9185D29D,Cecropis senegalensis,1061,395,23844
avibase-0D8DB4AE,Cecropis daurica,456,396,23824
avibase-3690F067,Cecropis daurica,46,396,23815
avibase-F72A871F,Cecropis daurica,857,396,23814
avibase-5ACC908D,Cecropis abyssinica,1,397,23833
avibase-97E7A30B,Pseudhirundo griseopyga,1,398,23608
avibase-6F2AF9D0,Ptyonoprogne rupestris,15,399,23727
avibase-47DA0258,Ptyonoprogne fuligula,50,400,23728
avibase-78F55CF1,Ptyonoprogne fuligula,11,400,23738
avibase-30FEC6BE,Delichon urbicum,981,401,23798
avibase-8CA8B659,Psalidoprocne obscura,1371,402,23606
avibase-008B89FA,Motacilla flava,73,403,31167
avibase-22DF91D0,Motacilla flava,5,403,31175
avibase-34DA7F52,Motacilla flava,208,403,31165
avibase-52BA5813,Motacilla flava,333,403,31173
avibase-5983D677,Motacilla flava,4408,403,31164
avibase-876F7E82,Motacilla flava,56,403,31169
avibase-9CAAD123,Motacilla flava,9,403,31168
avibase-C0876FE9,Motacilla flava,183,403,31172
avibase-CE7D41A6,Motacilla aguimp,361,405,31199
avibase-34B07766,Motacilla alba,2,405,31206
avibase-400E032C,Motacilla alba,1700,405,31202
avibase-80A3185D,Motacilla alba,1184,405,31203
avibase-250CDA58,Anthus campestris,228,406,31294
avibase-ECC3F122,Anthus leucophrys,265,407,31295
avibase-365F5E97,Anthus trivialis,584,408,31336
avibase-319D044A,Anthus cervinus,41,409,31349
avibase-0D9BFED1,Macronyx croceus,134,410,31414
avibase-3996ECD0,Prionops plumatus,962,411,19526
avibase-E12A0349,Prionops plumatus,163,411,19527
avibase-967545BC,Nilaus afer,947,412,19655
avibase-7DE7F0ED,Dryoscopus gambensis,1889,413,19665
avibase-022798AB,Tchagra senegalus,2070,414,19692
avibase-6E5BE71A,Tchagra senegalus,300,414,19694
avibase-5B3BD7A0,Laniarius barbarus,7727,415,19750
avibase-F3DCCA8F,Telophorus sulfureopectus,366,416,19784
avibase-641068BB,Malaconotus blanchoti,493,417,19814
avibase-E44FAD6F,Lanius corvinus,3992,418,20732
avibase-AD5D8944,Lanius excubitor,282,420,20710
avibase-DB2501EE,Lanius excubitor,381,420,20705
avibase-5E7D2196,Lanius senator,592,421,20763
avibase-5E9F5905,Lanius senator,2,421,20764
avibase-7E70D490,Lanius senator,2290,421,20762
avibase-92A772BB,Oriolus oriolus,18,422,19253
avibase-D4866EAE,Oriolus auratus,1722,423,19256
avibase-84249EE3,Dicrurus sharpei,2,424,20022
avibase-C8555A05,Dicrurus sharpei,54,424,20023
avibase-11FE7313,Dicrurus adsimilis,630,425,20032
avibase-7763FEC8,Dicrurus adsimilis,3168,425,20038
avibase-DB82ABEA,Onychognathus neumanni,87,426,27448
avibase-18B10CF9,Lamprotornis splendidus,336,427,27498
avibase-6A0BA87A,Lamprotornis purpureus,4018,428,27524
avibase-0319D393,Lamprotornis chloropterus,236,429,27513
avibase-0AA15ACA,Lamprotornis chloropterus,1280,429,27512
avibase-AEEED5D0,Lamprotornis chalcurus,1208,430,27528
avibase-7DDB347E,Lamprotornis chalybaeus,3674,431,27518
avibase-56713D11,Lamprotornis caudatus,10893,432,27492
avibase-B1A3AF6C,Cinnyricinclus leucogaster,268,433,27440
avibase-B92C3566,Lamprotornis pulcher,2200,434,27506
avibase-5D970425,Buphagus africanus,1728,436,27227
avibase-4C35510F,Ptilostomus afer,3892,437,21122
avibase-34D538E1,Corvus albus,10964,438,21227
avibase-F2024545,Corvus ruficollis,2,439,21228
avibase-6E682612,Coracina pectoralis,10,440,18315
avibase-439F76D1,Campephaga phoenicea,321,441,18426
avibase-6ABDB635,Pycnonotus barbatus,9854,442,24302
avibase-ADC1F0C9,Pycnonotus barbatus,3444,442,24303
avibase-5D82C13B,Stelgidillas gracilirostris,3,443,23892
avibase-3413C42C,Eurillas virens,1112,444,23965
avibase-3C8E84A6,Atimastillas flavicollis,130,446,23908
avibase-C73137EA,Atimastillas flavicollis,889,446,23907
avibase-EBE56736,Thescelocichla leucopleura,4,447,23912
avibase-E781F61C,Phyllastrephus scandens,315,448,24021
avibase-7927D0DD,Phyllastrephus albigularis,2,449,23989
avibase-D4CB1B89,Phyllastrephus albigularis,9,449,23988
avibase-D4B9EE90,Bleda canicapillus,549,450,23905
avibase-6413CE1A,Nicator chloris,17,452,22434
avibase-A0EDAEA2,Saxicola rubetra,444,453,29165
avibase-78B665BF,Saxicola torquatus,143,454,29189
avibase-CF2E9674,Saxicola torquatus,158,454,29188
avibase-8EC7846A,Oenanthe oenanthe,283,455,29283
avibase-AE947F55,Oenanthe oenanthe,47,455,29282
avibase-DF526047,Oenanthe oenanthe,1996,455,29281
avibase-3983013B,Oenanthe seebohmi,141,455,29286
avibase-CBB94183,Oenanthe hispanica,68,456,29301
avibase-078BC0ED,Oenanthe deserti,2,457,29297
avibase-E6C6F746,Oenanthe isabellina,65,458,29294
avibase-CD8DEBE3,Oenanthe familiaris,115,460,29328
avibase-E09F7223,Myrmecocichla aethiops,1030,461,29265
avibase-F8B6EC31,Thamnolaea cinnamomeiventris,64,463,29255
avibase-CC3B0B59,Oenanthe albifrons,300,464,29311
avibase-736D38E7,Monticola saxatilis,16,465,29150
avibase-41D76F4B,Monticola solitarius,79,466,29151
avibase-4C59ECEC,Monticola solitarius,6,466,29152
avibase-06DD9D95,Phoenicurus phoenicurus,1240,467,29109
avibase-3488A4C8,Phoenicurus phoenicurus,304,467,29110
avibase-6D92499B,Cercotrichas podobe,1392,468,28465
avibase-8073704D,Cercotrichas galactotes,159,469,28473
avibase-B68BD0D2,Cercotrichas galactotes,369,469,28468
avibase-E4672C85,Cercotrichas galactotes,92,469,28469
avibase-ECD2AB67,Alethe diademata,5,470,28445
avibase-FA3C53B8,Cossypha albicapillus,1916,471,28744
avibase-BB05D1FC,Cossypha niveicapilla,1453,472,28741
avibase-6068DA65,Luscinia megarhynchos,8,473,28898
avibase-7C7F0DEE,Luscinia megarhynchos,157,473,28897
avibase-725ABE7D,Luscinia svecica,9,474,28918
avibase-AFD6FD81,Luscinia svecica,52,474,28907
avibase-079BB199,Turdus pelios,291,476,28177
avibase-40A2405D,Turdus pelios,3201,476,28176
avibase-1FA0B593,Illadopsis fulvescens,3,477,25841
avibase-3805ACAD,Illadopsis fulvescens,5,477,25837
avibase-0058E798,Illadopsis puveli,5,479,25866
avibase-0179C599,Turdoides atripennis,20,480,26204
avibase-7827B822,Turdoides atripennis,9,480,26203
avibase-6EBDD2D5,Turdoides plebejus,4349,481,26213
avibase-A32E4E47,Turdoides reinwardtii,299,482,26238
avibase-D5BF7D2F,Turdoides reinwardtii,2561,482,26237
avibase-3EFD8DF0,Argya fulva,97,483,26188
avibase-2D46BB98,Locustella luscinioides,19,484,23386
avibase-BC0E4C9F,Locustella naevia,24,485,23392
avibase-C15141A6,Acrocephalus paludicola,11,486,23241
avibase-FED5AED5,Acrocephalus schoenobaenus,1081,487,23248
avibase-2346D69F,Acrocephalus scirpaceus,217,488,23264
avibase-34E27C2A,Acrocephalus scirpaceus,220,488,23268
avibase-3F0EE474,Acrocephalus scirpaceus,723,488,23263
avibase-B283E332,Acrocephalus arundinaceus,43,489,23295
avibase-C8857CC8,Acrocephalus rufescens,527,491,23286
avibase-1478AA79,Melocichla mentalis,38,492,22483
avibase-DCDD1BCA,Hippolais polyglotta,1266,493,23237
avibase-BAE527A2,Iduna pallida,25,494,23221
avibase-A7275096,Iduna opaca,2547,495,23226
avibase-95E7E0E5,Curruca hortensis,442,495,24906
avibase-A6A4FC63,Sylvia borin,156,496,24849
avibase-61F9065B,Sylvia atricapilla,459,497,24843
avibase-14AFBA82,Curruca communis,1143,498,24937
avibase-B0D09483,Curruca melanocephala,17,499,24926
avibase-3FC15B06,Curruca subalpina,16,500,24930
avibase-62A53820,Curruca iberiae,2552,500,24931
avibase-BFECF5F8,Curruca conspicillata,16,501,24942
avibase-88F4B969,Phylloscopus trochilus,950,502,24422
avibase-458C8CBE,Phylloscopus collybita,477,503,24433
avibase-F9F4B04D,Phylloscopus collybita,1305,503,24432
avibase-12EE678E,Phylloscopus ibericus,70,503,24443
avibase-C00674ED,Phylloscopus bonelli,1097,504,24373
avibase-47053A35,Cisticola erythrops,64,506,22941
avibase-8AB622BB,Cisticola erythrops,3,506,22942
avibase-6B64558B,Cisticola cantans,831,507,22949
avibase-5A184029,Cisticola lateralis,359,508,22957
avibase-1DA06308,Cisticola marginatus,810,509,23052
avibase-FB740D14,Cisticola natalensis,4,510,23079
avibase-6078DEED,Cisticola guinea,81,511,23017
avibase-FBDCA962,Cisticola brachypterus,151,512,23100
avibase-81851E47,Cisticola rufus,135,513,23110
avibase-4A1F1D11,Cisticola juncidis,443,514,23123
avibase-AEE2063F,Cisticola juncidis,2095,514,23115
avibase-A2C88219,Cisticola aridulus,191,515,23138
avibase-53E61277,Cisticola eximius,2,516,23155
avibase-2A88D0BC,Spiloptila clamans,296,517,22637
avibase-C67FD539,Prinia erythroptera,516,518,22913
avibase-63F72CA7,Prinia subflava,4864,519,22868
avibase-E70F9747,Apalis flavida,696,520,22675
avibase-EADB2314,Apalis flavida,78,520,22679
avibase-31557605,Hypergerus atriceps,1355,521,22939
avibase-4183643D,Camaroptera brachyura,2528,523,22607
avibase-DC456636,Camaroptera brachyura,2475,523,22606
avibase-9E034D83,Eremomela icteropygialis,441,524,22526
avibase-330BEC7E,Eremomela pusilla,2944,525,22536
avibase-83E5801B,Sylvietta virens,198,526,22439
avibase-0C8B9FA4,Sylvietta brachyura,414,528,22453
avibase-7542C6F1,Sylvietta brachyura,2196,528,22452
avibase-98BA31AA,Hylia prasina,274,529,24624
avibase-B142856F,Muscicapa striata,19,530,28328
avibase-EE8206E7,Muscicapa striata,63,530,28327
avibase-77F0C62C,Muscicapa aquatica,717,531,28338
avibase-5EA2B90C,Fraseria plumbea,134,532,28400
avibase-6E352E18,Ficedula hypoleuca,588,533,29058
avibase-EA749CEC,Fraseria cinerascens,13,534,28389
avibase-F188F8C8,Melaenornis edolioides,1645,535,28423
avibase-060AF4FA,Agricola pallidus,11,536,28368
avibase-FA03A965,Agricola pallidus,110,536,28367
avibase-0F82D614,Hyliota flavigaster,190,537,21505
avibase-66B40819,Batis senegalensis,1033,539,19505
avibase-E15225F1,Platysteira cyanea,2300,540,19455
avibase-56209052,Elminia longicauda,375,541,21522
avibase-0EDEEB49,Terpsiphone rufiventer,786,542,20373
avibase-A96F1467,Terpsiphone rufiventer,778,542,20374
avibase-75AAC17B,Terpsiphone viridis,2017,543,20392
avibase-5C70AA7D,Melaniparus guineensis,295,544,21840
avibase-5A636137,Anthoscopus punctifrons,136,545,21900
avibase-1ED6D9B4,Anthoscopus parvulus,364,546,21902
avibase-C13861D6,Anthreptes gabonicus,702,548,29668
avibase-857DCDD5,Anthreptes longuemarei,330,549,29669
avibase-B4640CFE,Anthreptes longuemarei,33,549,29670
avibase-1611F295,Hedydipna collaris,489,550,29688
avibase-B0E7740F,Hedydipna platura,2201,551,29698
avibase-EE79A5EF,Cyanomitra olivacea,49,552,29728
avibase-6DE16262,Cyanomitra verticalis,382,553,29706
avibase-AAE6F743,Cyanomitra verticalis,39,553,29707
avibase-0059A2E0,Chalcomitra senegalensis,3203,554,29758
avibase-8E9E45B5,Cinnyris venustus,2843,555,29921
avibase-B48D417F,Cinnyris venustus,356,555,29922
avibase-D2B15B3F,Cinnyris chloropygius,2,556,29831
avibase-1F21FFE9,Cinnyris cupreus,619,557,29933
avibase-48EC6C78,Cinnyris coccinigastrus,2690,558,29908
avibase-00D5E1C6,Cinnyris pulchellus,7965,559,29875
avibase-718A3B70,Cinnyris pulchellus,1436,559,29876
avibase-4C51CF28,Zosterops senegalensis,5,560,25260
avibase-EAC8528E,Zosterops senegalensis,994,560,25259
avibase-47210561,Emberiza hortulana,2,562,32220
avibase-BB11EE7F,Emberiza affinis,296,564,32163
avibase-17E7F90B,Emberiza goslingi,444,565,32257
avibase-C7C1A6EB,Emberiza sahari,1,566,32259
avibase-169B483C,Crithagra mozambica,2650,567,31846
avibase-C887C3FC,Crithagra leucopygia,1613,568,31843
avibase-1373D324,Ploceus luteolus,3468,571,30260
avibase-FC6C191F,Ploceus vitellinus,1293,572,30313
avibase-D8E67602,Ploceus heuglini,99,573,30321
avibase-6523C1F4,Ploceus cucullatus,1376,574,30330
avibase-E8AA9E1C,Ploceus cucullatus,7675,574,30328
avibase-19D053B3,Ploceus melanocephalus,3295,576,30343
avibase-2D3998EE,Ploceus brachypterus,1898,578,30265
avibase-E27AFD14,Malimbus nitens,7,579,30226
avibase-4B8D1BAD,Anaplectes rubriceps,5,580,30240
avibase-4D19099B,Anaplectes rubriceps,8,580,30239
avibase-F8041931,Quelea erythrops,13,581,30407
avibase-2B6DE136,Quelea quelea,4476,582,30408
avibase-4A58452B,Euplectes afer,734,583,30436
avibase-7B414273,Euplectes hordeaceus,862,585,30431
avibase-4167B45D,Euplectes macroura,10,586,30456
avibase-F5E0EA0D,Euplectes macroura,65,586,30454
avibase-3D122849,Euplectes franciscanus,3535,587,30428
avibase-C97A5C39,Anomalospiza imberbis,2,588,30960
avibase-864D4A4F,Bubalornis albirostris,3465,589,30190
avibase-2C504059,Plocepasser superciliosus,468,590,30206
avibase-240E3390,Passer domesticus,4054,591,31018
avibase-57816EB6,Passer domesticus,2,591,31026
avibase-E10D0809,Passer griseus,6816,592,31070
avibase-4C373DA1,Passer luteus,3100,593,31099
avibase-FCD72CEE,Gymnoris pyrgita,6,594,31103
avibase-969A369C,Gymnoris dentata,1349,595,31114
avibase-C90890A3,Sporopipes frontalis,310,596,30197
avibase-673E66F0,Vidua macroura,839,597,30927
avibase-BA01A793,Vidua chalybeata,3163,598,30938
avibase-0D1546EC,Vidua wilsoni,13,599,30945
avibase-DFCFAB2A,Vidua orientalis,509,600,30928
avibase-78607A22,Vidua interjecta,416,600,30931
avibase-76B35118,Euschistospiza dybowskii,15,601,30884
avibase-AD1CBF5A,Nigrita bicolor,5,603,30738
avibase-3817DA4A,Spermophaga haematina,466,604,30855
avibase-55B3AB24,Spermophaga haematina,36,604,30856
avibase-CDDA63E0,Amadina fasciata,1154,606,30825
avibase-01A3BE3C,Pytilia melba,163,607,30867
avibase-C7891867,Pytilia phoenicoptera,38,608,30878
avibase-1E79A7D7,Estrilda melpoda,1292,609,30774
avibase-D30DC715,Estrilda troglodytes,2345,610,30801
avibase-174BFAB6,Glaucestrilda caerulescens,3276,611,30760
avibase-EAE77D96,Uraeginthus bengalus,7537,612,30847
avibase-88C74BEE,Lagonosticta larvata,53,613,30920
avibase-93287BF3,Lagonosticta larvata,36,613,30921
avibase-43FE4788,Lagonosticta rufopicta,136,614,30916
avibase-B4A4E4BF,Lagonosticta senegala,9098,615,30893
avibase-A6034D7F,Lagonosticta rubricata,4,616,30900
avibase-8AC4DC43,Lagonosticta virata,143,616,30910
avibase-27012CC9,Lagonosticta rara,45,617,30913
avibase-ECC40D44,Amandava subflava,541,618,30834
avibase-8E5252EB,Ortygospiza atricollis,271,619,30807
avibase-94AD8E4A,Ortygospiza atricollis,330,619,30808
avibase-B8DC9636,Ortygospiza atricollis,1,619,30812
avibase-FC6A9CD0,Euodice cantans,2882,620,30545
avibase-64E386FE,Spermestes fringilloides,50,621,30536
avibase-142E4CB7,Spermestes cucullata,4462,623,30533
avibase-5672A1E0,Lamprotornis sp.,394,#N/A,27531
avibase-26D9F29E,Ploceus sp.,383,#N/A,30404
avibase-308228B1,Stercorarius sp. (jaeger sp.),361,#N/A,6333
avibase-803C64E9,Sterna hirundo/paradisaea,292,#N/A,6694
avibase-5C7D1CC1,Streptopelia sp.,284,#N/A,2083
avibase-55CCEE2D,Hirundinidae sp.,265,#N/A,23885
avibase-9C52632A,Nectariniidae sp. (sunbird sp.),240,#N/A,30080
avibase-FA1DD627,Ploceus brachypterus/nigricollis,236,#N/A,30270
avibase-CA851436,Euplectes sp.,216,#N/A,30479
avibase-D751C538,Procellariidae sp. (shearwater sp.),174,#N/A,7095
avibase-60A9B5E3,Phylloscopus sp.,157,#N/A,24622
avibase-A744B03C,Sterninae sp.,147,#N/A,6738
avibase-58A533AB,Stercorarius parasiticus/pomarinus,145,#N/A,6325
avibase-CFD25837,Passeriformes sp.,133,#N/A,35292
avibase-A28F0D10,Falco sp.,118,#N/A,11904
avibase-98CE5FF3,Turtur sp.,117,#N/A,2177
avibase-B81EFB36,Stercorarius sp. (skua sp.),117,#N/A,6334
avibase-DBACF9F8,Apus apus/pallidus,113,#N/A,4082
avibase-D916AABA,Egretta/Bubulcus/Ardea sp.,111,#N/A,7544
avibase-8D04DAAF,Larinae sp.,104,#N/A,6564
avibase-578C6971,Falco naumanni/tinnunculus,100,#N/A,11772
avibase-5945349B,Gyps sp.,98,#N/A,7760
avibase-07AD6C76,Cisticola sp.,92,#N/A,23199
avibase-090A5FFA,Calonectris diomedea/edwardsii,83,#N/A,7037
avibase-E578ADF2,Pelecanus sp.,82,#N/A,7303
avibase-8490C7B3,Circaetus sp.,78,#N/A,7805
avibase-905A5016,Curruca subalpina/iberiae/cantillans,75,#N/A,24936
avibase-EF4617E8,Picidae sp.,75,#N/A,11699
avibase-14EF1335,Apus/Tachymarptis sp.,74,#N/A,4133
avibase-52440FBD,Acrocephalus sp.,73,#N/A,23358
avibase-E8FAD0BB,Larus sp.,73,#N/A,6563
avibase-7AFF9ACE,Gyps africanus/rueppelli,71,#N/A,7751
avibase-586F2343,Oceanitidae/Hydrobatidae sp.,67,#N/A,6923
avibase-A2E4F761,Merops sp.,66,#N/A,10114
avibase-AD64B07F,Iduna pallida/opaca,64,#N/A,23227
avibase-7FC8B7ED,Charadriiformes sp.,61,#N/A,6316
avibase-F7D77F4A,Apodidae sp.,59,#N/A,4175
avibase-84E0CEF2,Accipitridae sp. (hawk sp.),52,#N/A,8380
avibase-C235C72D,Circus sp.,50,#N/A,7959
avibase-E6F5DF1B,Sylvia/Curruca sp.,50,#N/A,24952
avibase-008C4FA7,Phylloscopus collybita/ibericus,46,#N/A,24447
avibase-CA08045E,Accipiter sp.,42,#N/A,8157
avibase-9BCEC568,Calidris sp.,41,#N/A,6197
avibase-59C39D59,Tringa sp.,39,#N/A,6120
avibase-D674D91D,Alcedinidae sp.,37,#N/A,10042
avibase-AD6E9B95,Anthus sp.,36,#N/A,31406
avibase-02167D7E,Chlidonias sp.,35,#N/A,6668
avibase-18546CF6,Cossypha sp.,34,#N/A,28748
avibase-FED0179E,Stercorarius longicaudus/parasiticus,34,#N/A,6322
avibase-BC6F864F,Platalea sp.,33,#N/A,7615
avibase-BD7161A9,Anatidae sp. (dabbling duck sp.),33,#N/A,616
avibase-CDC724FD,Caprimulgidae sp.,33,#N/A,3759
avibase-20C23C74,Alaudidae sp.,31,#N/A,22427
avibase-07FFFF1F,Oenanthe sp.,29,#N/A,29378
avibase-7701002A,Sterna sp.,29,#N/A,6712
avibase-79A2F8F9,Prinia sp.,28,#N/A,22923
avibase-69A488E1,Calidris sp. (peep sp.),24,#N/A,6196
avibase-1CF04E2E,Argya/Turdoides sp.,23,#N/A,26254
avibase-528F0652,Phalacrocoracidae sp.,22,#N/A,7286
avibase-85281A76,Puffinus baroli/boydi,22,#N/A,7079
avibase-CDC09064,Pogoniulus sp.,20,#N/A,10403
avibase-830FF017,Phasianidae sp. (francolin/spurfowl sp.),18,#N/A,1784
avibase-83F7457A,Charadriidae sp.,18,#N/A,5930
avibase-FCBBCD61,Accipitridae sp. (old world vulture sp.),18,#N/A,7761
avibase-0C24147B,Accipitriformes/Falconiformes sp.,17,#N/A,11905
avibase-68E80B6A,Vidua sp. (indigobird sp.),16,#N/A,30958
avibase-C6E4B594,Lagonosticta sp.,15,#N/A,30924
avibase-F8FCE84A,Motacilla sp.,15,#N/A,31219
avibase-19258FED,Vidua sp.,14,#N/A,30959
avibase-4850C24A,Strigiformes sp.,12,#N/A,9193
avibase-A52C2048,Caprimulgus sp.,12,#N/A,3758
avibase-AA5D30DA,Cercotrichas sp.,12,#N/A,28494
avibase-4A24F0A2,Pterocles sp.,11,#N/A,2907
avibase-AABFC5F5,Phylloscopus trochilus/collybita,11,#N/A,24441
avibase-1FF0754B,Phoenicopteridae sp.,10,#N/A,1796
avibase-47B16A4A,Psittaciformes sp. (parrot sp.),10,#N/A,12966
avibase-6981FA41,Terpsiphone sp.,10,#N/A,20404
avibase-7F15E186,Estrilda sp.,9,#N/A,30806
avibase-8A3CDE4A,Indicatoridae sp.,9,#N/A,10783
avibase-8E03D909,Puffinus sp. (black-and-white shearwater sp.),8,#N/A,7094
avibase-C06D1FF2,Numenius phaeopus/arquata,8,#N/A,5997
avibase-D5384047,Estrildidae sp.,8,#N/A,30925
avibase-5428185D,Sulidae sp.,7,#N/A,7193
avibase-AD455318,Caprimulgus ruficollis/europaeus,7,#N/A,3662
avibase-30C94735,Scolopacidae sp. (large shorebird sp.),6,#N/A,6199
avibase-4F4A1BB5,Burhinus sp.,6,#N/A,5730
avibase-561DC9AC,Vanellus sp.,6,#N/A,5869
avibase-63CF1FD8,Muscicapa sp.,6,#N/A,28344
avibase-A435CAFE,Coracias sp.,6,#N/A,10136
avibase-AF0D818A,Aves sp.,6,#N/A,35293
avibase-E91E7830,Buteo sp.,6,#N/A,8377
avibase-2914C00D,Gallinago sp.,5,#N/A,6083
avibase-4E0F87B8,Helopsaltes/Locustella sp.,5,#N/A,23432
avibase-50DE709E,Otididae sp.,5,#N/A,2966
avibase-AEEF72BC,Circus macrourus/pygargus,5,#N/A,7958
avibase-B03ABA45,Rallidae sp. (rail/crake sp.),5,#N/A,5632
avibase-143A650F,Phoeniculus/Rhinopomastus sp.,4,#N/A,9442
avibase-195C3DCD,Terpsiphone rufiventer x viridis,4,#N/A,20403
avibase-1B8C48CC,Laridae sp.,4,#N/A,6739
avibase-2326328A,Limosa sp.,4,#N/A,6022
avibase-3AE2824D,Sylvietta sp.,4,#N/A,22479
avibase-5F827B99,Eremomela sp.,4,#N/A,22562
avibase-5FB8BF9B,Egretta garzetta x gularis,4,#N/A,7429
avibase-7E9CC505,Aquila sp.,4,#N/A,7891
avibase-BA7B32E6,Cuculus sp.,4,#N/A,3431
avibase-CA6480D9,Hydrobates sp.,4,#N/A,6920
avibase-D7BF5045,Anatidae (duck sp.),4,#N/A,750
avibase-E32DAEE2,Mirafra sp.,4,#N/A,22181
avibase-070E73F9,Stercorarius sp.,3,#N/A,6335
avibase-3EB9DD4F,Chrysococcyx caprius/klaas,3,#N/A,3293
avibase-43B8F8E1,Musophagidae sp.,3,#N/A,3021
avibase-521D2C7A,Passeriformes sp. (Old World warbler sp.),3,#N/A,24953
avibase-55CF958D,Lophoceros sp.,3,#N/A,9460
avibase-69E3504C,Accipitridae sp. (eagle sp.),3,#N/A,8381
avibase-8FB8FBF2,Hippolais sp.,3,#N/A,23240
avibase-D3FDB845,Columbidae sp.,3,#N/A,2855
avibase-52D7A2DB,Glareola sp.,2,#N/A,6315
avibase-56B23F76,Curruca sp.,2,#N/A,24951
avibase-5834C524,Cuculus gularis/canorus,2,#N/A,3426
avibase-6E8EA94E,Charadrius/Anarhynchus sp.,2,#N/A,5929
avibase-76CA334E,Oriolus sp.,2,#N/A,19328
avibase-7D6C466B,Calidris ferruginea/alpina,2,#N/A,6170
avibase-B053AC57,Hirundo sp.,2,#N/A,23752
avibase-08D76E8B,Dicrurus sp.,1,#N/A,20165
avibase-0C72A85C,Dryoscopus sp.,1,#N/A,19686
avibase-1B4CB03B,Limosa lapponica/limosa,1,#N/A,6014
avibase-428EC94D,Vidua sp. (whydah sp.),1,#N/A,30957
avibase-44F64746,Lanius collurio x senator,1,#N/A,20766
avibase-4525FBCE,Egretta garzetta/gularis,1,#N/A,7430
avibase-49D76695,Ardea alba/intermedia,1,#N/A,7501
avibase-4D321548,Ardeidae sp.,1,#N/A,7543
avibase-5F33823D,Curruca iberiae/cantillans,1,#N/A,24935
avibase-640E47B9,Phoeniculus sp.,1,#N/A,9427
avibase-68DF97EF,Locustella sp.,1,#N/A,23431
avibase-71579DD9,Treron sp.,1,#N/A,2587
avibase-75A6AC94,Sula sp.,1,#N/A,7192
avibase-7FD5382B,Lybiidae sp.,1,#N/A,10468
avibase-8A809633,Iduna/Hippolais/Acrocephalus sp.,1,#N/A,23359
avibase-959151D9,Lanius phoenicuroides/isabellinus,1,#N/A,20646
avibase-AB031597,Oenanthe oenanthe/seebohmi,1,#N/A,29287
avibase-B78765A2,Phylloscopus trochilus/collybita/ibericus,1,#N/A,24446
avibase-BD0C066C,Pycnonotidae sp. (greenbul sp.),1,#N/A,24030
avibase-CF292C9B,Ficedula sp.,1,#N/A,29098
avibase-D8E1D9AB,Anatidae sp.,1,#N/A,751
avibase-D93A8052,Cinnyris sp.,1,#N/A,29990
avibase-E5DA2CC4,Chrysococcyx sp.,1,#N/A,3330
avibase-E6E02622,Ciconiidae sp.,1,#N/A,7144
avibase-EFEB41C1,Oceanitidae/Hydrobatidae sp. (white-rumped),1,#N/A,6922
avibase-24698199,Melanitta nigra,1,1001,695
avibase-3D386DBA,Streptopelia hypopyrrha,382,1002,2041
avibase-AB8E1D95,Caprimulgus pectoralis,4,313,3699
avibase-E3C780D6,Caprimulgus tristigma,4,1005,3737
avibase-91429F78,Tachymarptis aequatorialis,12,1006,4064
avibase-FF79A533,Apus horus,87,1007,4126
avibase-BC4B1C57,Apus horus,29,1007,4127
avibase-99B8841E,Grus grus,1,1008,5686
avibase-264D0351,Anarhynchus asiaticus,5,1009,5872
avibase-29B03FAE,Microparra capensis,8,1010,5966
avibase-ACC99F35,Calidris melanotos,2,1011,6188
avibase-01060BFD,Calidris mauri,1,1012,6192
avibase-7D1A9D5C,Stercorarius maccormicki,20,1013,6332
avibase-00DA9D91,Larus canus,3,1014,6471
avibase-F4D98B48,Larus canus,1,1014,6472
avibase-0A4609D1,Sula sula,26,1015,7168
avibase-3BD34DA7,Sula sula,3,1015,7169
avibase-158BDC90,Aegypius monachus,3,1016,7738
avibase-7DF00403,Hieraaetus ayresii,1,1018,7863
avibase-05F11441,Aquila fasciata,39,1019,7887
avibase-2A6A96E6,Bubo ascalaphus,2,1021,8736
avibase-7FED5700,Apaloderma narina,47,1022,9241
avibase-C05BF908,Ceratogymna atrata,2,1024,9485
avibase-8DB3F1A2,Prodotiscus regulus,3,1028,10742
avibase-4373396F,Indicator willcocksi,28,1029,10749
avibase-E294BEED,Laniarius turatii,18,1030,19730
avibase-B2A324BF,Alaemon alaudipes,2,381,21932
avibase-1CB41EB5,Prinia fluviatilis,639,1033,22893
avibase-AC11EBBB,Petrochelidon preussi,5,1038,23851
avibase-D3D4D1B7,Chlorocichla simplex,1,1039,23924
avibase-0DCD05BE,Curruca curruca,8,1041,24880
avibase-6AF31870,Curruca curruca,4,1041,24885
avibase-D8E180FB,Curruca curruca,3,1041,24881
avibase-6A3CA06B,Ficedula parva,1,1044,29055
avibase-612B5C24,Phoenicurus ochruros,1,1045,29117
avibase-6ADB636C,Oenanthe heuglinii,7,1046,29295
avibase-14873249,Anthus pratensis,1,1051,31332
avibase-45059BE8,Emberiza cabanisi,4,1052,32224